parameter,Estimate,Naive SE,Robust SE,95%L,95%H,t value,pvalue,feature,qvalue,neg_log10_pvalue,neg_log10_qvalue
batch_1,0.6432374419260615,0.06848306973813949,0.07020360853146265,0.5052114565646049,0.7812634272875181,9.162455540127771,2.955346922949191e-18,Bin 131,9.929965661109282e-16,17.529391530728958,15.003052253339114
batch_1,-0.6690485805628558,0.07175575153295063,0.07800723212262506,-0.822417122497845,-0.5156800386278665,-8.576750672439335,2.345024597496621e-16,Bin 16,3.9396413237943235e-14,15.629852597511361,13.404543315785498
batch_1,-0.8734454473202686,0.09440917427142864,0.10388540042920982,-1.077692565935048,-0.6691983287054897,-8.407778607114837,7.997123214759961e-16,Bin 115,8.956778000531157e-14,15.097066212588702,13.04784818991852
batch_1,-0.3402956391896332,0.04813323923245822,0.05096073669212247,-0.4404885786098853,-0.2401026997693808,-6.677604392682103,8.406317006951652e-11,Bin 122,7.061306285839388e-09,10.075394236532116,8.151114950470234
batch_1,1.0941529315622016,0.16724248145438184,0.16575013188524113,0.7682747358993848,1.4200311272250188,6.601219070641526,1.338827462191393e-10,Bin 160,8.996920545926162e-09,9.873275387921774,8.045906114867948
batch_1,-0.40535973083425136,0.0612623932523117,0.06376879252013805,-0.5307343462852181,-0.2799851153832846,-6.356710152638372,5.77811302438625e-10,Bin 82,3.2357432936563e-08,9.238213967270779,7.490025940264578
batch_1,-0.9144721267117446,0.1376619580366581,0.14837626638418083,-1.2061918944036325,-0.6227523590198565,-6.163196776659432,1.7836749674159201e-09,Bin 30,8.20478536762622e-08,8.748684282649608,7.085932775351262
batch_1,0.9499878158181533,0.15837757460461763,0.1545354840701801,0.6461585268644806,1.253817104771826,6.147376581722356,1.9535203256252904e-09,Bin 83,8.20478536762622e-08,8.709182065749163,7.085932775351262
batch_1,1.317140382923155,0.24659646535762958,0.2406087604802871,0.8440840550991127,1.790196710747197,5.474199610579297,7.894411351192042e-08,Bin 63,2.788109517767617e-06,7.102680247727888,5.554690171023099
batch_1,0.8953018343803434,0.1641917369330978,0.16383419675817046,0.5731905224908018,1.2174131462698847,5.46468229524673,8.297944993356003e-08,Bin 36,2.788109517767617e-06,7.081029448412943,5.554690171023099
batch_1,0.7298978545472142,0.13778030783698583,0.13602336338337837,0.46246489553120973,0.9973308135632186,5.365974170848987,1.385923537122122e-07,Bin 5,4.233366440663936e-06,6.858260729552466,5.373314137320847
batch_1,0.43506651159838455,0.08141728538809284,0.08245900182502504,0.2729454295500099,0.5971875936467591,5.276155446576708,2.195884173221916e-07,Bin 33,6.148475685021366e-06,6.658390571442904,5.211232540100685
batch_1,-0.9223085275907233,0.16173047952998887,0.1784948232435533,-1.273243819600238,-0.5713732355812089,-5.167144406940297,3.806543939919719e-07,Bin 152,8.970368224825621e-06,6.419469152668376,5.04718972922708
batch_1,-0.9073906941221441,0.16104908873385068,0.17578362062365208,-1.2529955419998768,-0.5617858462444115,-5.161975222167274,3.906251414794534e-07,Bin 168,8.970368224825621e-06,6.408239808015889,5.04718972922708
batch_1,0.7761169639480944,0.14950109403618156,0.1506119065703991,0.4800017464200607,1.072232181476128,5.153091688573249,4.083543896564199e-07,Bin 91,8.970368224825621e-06,6.388962771547711,5.04718972922708
batch_1,1.1336915794161009,0.22894533371720632,0.22039364328371022,0.7003798107197334,1.5670033481124683,5.14393955526527,4.274339802720284e-07,Bin 39,8.970368224825621e-06,6.36913095512931,5.04718972922708
batch_1,0.9901047168612556,0.19697650670092431,0.19293151192918218,0.610785724599389,1.369423709123122,5.131897360679397,4.538579161370106e-07,Bin 138,8.970368224825621e-06,6.34308008523865,5.04718972922708
batch_1,1.137112510098223,0.2352252748407168,0.23006381709866253,0.6847883957782372,1.5894366244182083,4.9425960346062325,1.1479360219747212e-06,Bin 144,2.1428139076861463e-05,5.9400823158384,4.669015543551862
batch_1,-0.3878840680289852,0.0750762180391568,0.07966420528431571,-0.544510353520808,-0.23125778253716237,-4.868988106322725,1.6341432020528275e-06,Bin 11,2.824040440827028e-05,5.786709888356673,4.5491290883913855
batch_1,1.2248097024655034,0.2717738405846343,0.25198050891820906,0.7293955953725599,1.7202238095584466,4.8607319182098605,1.6997149120709647e-06,Bin 27,2.824040440827028e-05,5.769623915384766,4.5491290883913855
batch_1,0.9179492709495777,0.19143325556541022,0.18915834994800065,0.5460486210104931,1.2898499208886622,4.852808618820796,1.7650252755168925e-06,Bin 140,2.824040440827028e-05,5.7532490710473105,4.5491290883913855
batch_1,0.8635164107370381,0.18160175991101488,0.17941110455683695,0.5107796353881371,1.2162531860859391,4.813059999100995,2.1309306989150035e-06,Bin 79,3.254512340161096e-05,5.67143067396867,4.487514077401032
batch_1,-0.5371352388254992,0.1131955855151841,0.11319104280037495,-0.7596780046950169,-0.31459247295598164,-4.745386432854032,2.928219359241181e-06,Bin 37,4.2777465421958115e-05,5.5333963924566785,4.368784951084427
batch_1,0.7706469853737056,0.170668778126109,0.16621197130736154,0.4438607759684274,1.097433194778984,4.636531167472975,4.844833710613776e-06,Bin 148,6.782767194859286e-05,5.314721124661142,4.168593088982904
batch_1,0.18853550092229981,0.039238944891545266,0.04090905984417958,0.10810497301470477,0.26896602882989484,4.608649077745161,5.503276237241846e-06,Bin 1,7.396403262853041e-05,5.259378687207221,4.130979418489414
batch_1,0.7513547523508424,0.16743749032105998,0.16599494194079004,0.42499524027352237,1.0777142644281623,4.526371367501358,7.986112620148426e-06,Bin 55,0.0001032051477065335,5.0976645696783525,3.9862986402593266
batch_1,1.2127980520631632,0.2691972683211798,0.26991201570491347,0.6821291490270553,1.7434669550992714,4.493308861762857,9.260726614556602e-06,Bin 134,0.00011524459787003771,5.033354936394505,3.9383794231636484
batch_1,-0.41499246277065893,0.09468923972492996,0.09293278197951109,-0.5977058456497567,-0.23227907989156105,-4.465512103814479,1.0481241113492372e-05,Bin 141,0.00012577489336190848,4.979587288265735,3.9004060422181106
batch_1,0.6203204248190323,0.14198088373020734,0.139872932949625,0.3453188999740997,0.8953219496639646,4.43488537587497,1.2004303713150768e-05,Bin 163,0.0001390843464696089,4.920663025303426,3.8567217458125387
batch_1,0.6711959124591705,0.1565672112640759,0.15541819587799227,0.36563114053514795,0.9767606843831931,4.318644343202122,1.99499007543316e-05,Bin 69,0.0002234388884485139,4.700059260476148,3.6508412378059663
batch_1,0.8103946255448168,0.18560964165381247,0.18980601923636634,0.4372206052821118,1.1835686458075216,4.269593919124497,2.463664687588243e-05,Bin 151,0.0002670294629127902,4.608418401312666,3.573440817757094
batch_1,1.8621197918049686,0.4699487465934803,0.441617961691965,0.9938630797794918,2.730376503830445,4.216585269019978,3.087792124187332e-05,Bin 157,0.0003242181730396699,4.510351944850932,3.489162645780994
batch_1,0.46573818704935405,0.10798455419157464,0.11158880752004198,0.2463455456246467,0.6851308284740614,4.173699830654654,3.700391953323842e-05,Bin 35,0.00037676718070206395,4.431752272108629,3.4239269345966723
batch_1,0.5303690060508773,0.13169353318612384,0.1282929967893071,0.2781345744136155,0.7826034376881391,4.1340448763691375,4.368550642408255e-05,Bin 38,0.0004317155928968158,4.359662625365755,3.3648022650181657
batch_1,1.024692139989186,0.24946752330805963,0.25029299390560095,0.532595824207826,1.5167884557705458,4.093970526301079,5.159565697218734e-05,Bin 145,0.0004953183069329985,4.287386853264152,3.305115620224584
batch_1,0.493427439176174,0.12226094138508521,0.12352298622532037,0.2505712349840694,0.7362836433682787,3.994620388112255,7.749791773725377e-05,Bin 107,0.0007066369816149272,4.110709966233939,3.1508036376469755
batch_1,0.9633954228603043,0.2525760628239091,0.24123389633177547,0.489110027276194,1.4376808184444145,3.993615480700609,7.781419142783425e-05,Bin 56,0.0007066369816149272,4.108941190969825,3.1508036376469755
batch_1,0.8032661188581818,0.20710708336495784,0.2034297463039349,0.4033067467861897,1.203225490930174,3.948616824493599,9.33010799955806e-05,Bin 40,0.000824977970487239,4.030113329100161,3.0835576483271274
batch_1,0.6533669170614336,0.1664718730417301,0.16633148417554164,0.3263457356691167,0.9803880984537507,3.928101287017246,0.00010129338900474062,Bin 127,0.0008726815052716115,3.9944188982966984,3.0591442279333534
batch_1,0.4224666630841251,0.10799634614326692,0.1089481374189585,0.20826579314155227,0.636667533026698,3.877685962262353,0.0001237787981180511,Bin 45,0.0010397419041916292,3.9073537385864303,2.9830744525245487
batch_1,0.44518249100810015,0.11216149780943713,0.11601662352951839,0.21708440437207838,0.673280577644122,3.83723019567822,0.00014515811382750934,Bin 42,0.0011895884450254424,3.8381586836212924,2.924603262951184
disease,-0.5211563518314729,0.1372457818303541,0.13684305141926909,-0.7902008839732678,-0.252111819689678,-3.8084239311115513,0.00016246013527794695,Bin 5,0.0012996810822235756,3.7892531894714794,2.886163202479536
batch_1,0.5842832527514162,0.15524142758960513,0.15483075348743006,0.2798734401876962,0.8886930653151361,3.773689913605253,0.00018591415562783988,Bin 47,0.0014417157804718181,3.7306875414975615,2.841120347896001
batch_1,0.9075299556574195,0.2531972970821713,0.24074257599803087,0.43421053567786555,1.3808493756369733,3.769711077881141,0.00018879611410940476,Bin 20,0.0014417157804718181,3.724006948799657,2.841120347896001
disease,-0.6014994146788306,0.16582603658722903,0.16117090461490446,-0.9183744783174724,-0.28462435104018885,-3.732059555761818,0.00021823479473265524,Bin 127,0.001629486467337159,3.661076005554793,2.7879492419402925
batch_1,0.2664675191092939,0.0716488345209312,0.07241368276495999,0.12409634864722066,0.40883868957136715,3.6797951565893015,0.00026632812380824206,Bin 18,0.0019453532521645505,3.5745829703623464,2.7110015246540766
batch_1,0.6822814976520357,0.19305965346674758,0.19039442844793084,0.3079506171805631,1.0566123781235084,3.58351608927793,0.0003820513051082996,Bin 72,0.002731260393965716,3.417878312404301,2.5636368929501745
batch_1,0.7560091264181046,0.21590114672083585,0.2128866299279885,0.3374567545279673,1.174561498308242,3.5512287769026822,0.00043043566374833663,Bin 53,0.0030130496462383565,3.366091752380152,2.5209937123658954
batch_1,0.6842312826766618,0.20116320888851658,0.19373018746711476,0.30334202956334855,1.065120535789975,3.5318774612387567,0.0004621277489343513,Bin 17,0.0031688759926926944,3.33523795304103,2.499094755679699
disease,-0.6109315650470724,0.18488955921167605,0.1773490711212893,-0.9596142155049121,-0.26224891458923266,-3.444797095267871,0.0006337108676930199,Bin 151,0.004258537030897094,3.1981088449678032,2.370739571913978
batch_1,1.5436003012650366,0.4856756747073074,0.4589134169888618,0.6413393220862648,2.4458612804438085,3.363598108317023,0.0008457264385697663,Bin 48,0.005571844771753755,3.0727700925546695,2.2540009912627617
batch_1,-0.5747569230932459,0.16250912711767293,0.17281643462941923,-0.9145280427742128,-0.23498580341227907,-3.3258232894674173,0.0009653968382455496,Bin 60,0.006237948800971243,3.015294127865327,2.2049581941102825
disease,-0.5543185557213376,0.16678790770314586,0.16759565545747013,-0.883825200332766,-0.2248119111099094,-3.30747568729193,0.0010290379292228,Bin 55,0.006523712155072846,2.9875686173186335,2.185505209529578
batch_1,0.35129920163268874,0.10709278399576098,0.10930563585768538,0.13639546077930875,0.5662029424860688,3.213916637291019,0.0014186167796287,Bin 9,0.008826948851023022,2.8481349075517377,2.0541893899848622
batch_1,0.7191011309228006,0.22739825361177926,0.22533840308301933,0.276067563618752,1.1621346982268492,3.1912054096605487,0.0015318670510285,Bin 167,0.009358315075374109,2.8147789249842083,2.028802337088608
batch_1,0.3208920631936972,0.10042530790659748,0.10132671465563543,0.12167552822718829,0.520108598160206,3.166904841277712,0.0016622586735321,Bin 41,0.0099735520411926,2.779301392256974,2.00115014187333
disease,0.1426935022588378,0.044852683014521964,0.0457578160699647,0.05272992655154808,0.23265707796612756,3.118450890240398,0.001953358685956,Bin 25,0.011514535411951157,2.7092180019612955,1.9387535802439428
disease,-0.20686391345601324,0.06821738603947682,0.06847595125922601,-0.34149318456936284,-0.07223464234266368,-3.020971737550586,0.0026860991876831,Bin 131,0.015560850466577958,2.570877954486327,1.8079666706594204
batch_1,1.1522978952372716,0.408173172295212,0.38971040779274824,0.3860956420140288,1.9185001484605142,2.956805546363737,0.0032979850910658,Bin 22,0.01878174560335778,2.481751311966967,1.7262640462192669
batch_1,0.4218311784633237,0.14492014878992324,0.1449555791906689,0.13683675908862655,0.7068255978380207,2.910072042887452,0.0038211395051854,Bin 162,0.021398381229038237,2.417807106455471,1.6696190794492705
batch_1,0.9071459635103146,0.3300560373959877,0.314905953534864,0.28801533130984586,1.526276595710783,2.880688514546874,0.0041877372969742,Bin 97,0.02306688084890707,2.3780205700812904,1.6370111277022135
disease,-0.22965192089528677,0.08183800997824253,0.08067305022054022,-0.38826167731278,-0.07104216447779353,-2.8466993657420296,0.0046515673699502,Bin 58,0.02496082245014933,2.3324006846530874,1.602741108906406
batch_1,1.2385373290723025,0.43488123836895465,0.4353831062014079,0.38253884836387775,2.0945358097807274,2.8447069062421453,0.004680154209403,Bin 64,0.02496082245014933,2.3297398368426685,1.602741108906406
batch_1,0.6025239027010154,0.20705627492972467,0.21228406323826532,0.18515622576936827,1.0198915796326626,2.838290795408176,0.004773297714125,Bin 89,0.024974150838090976,2.3211814775194766,1.6025092695724878
disease,-1.2096650889081046,0.436116600125753,0.42678717869276733,-2.0487632793138726,-0.3705668985023362,-2.8343519892356235,0.0048313089418926,Bin 81,0.024974150838090976,2.3159351903194763,1.6025092695724878
batch_1,0.2060681688344865,0.0725343969547659,0.07319478405841681,0.06216128991024538,0.3499750477587276,2.8153395284290115,0.0051204341645533,Bin 2,0.025851007810525108,2.290693213384393,1.5875225211186628
batch_1,0.6819339132874306,0.24153812375997943,0.2424098866712722,0.2053364253653339,1.1585314012095271,2.81314397961082,0.0051548140574559,Bin 135,0.025851007810525108,2.2877869958076804,1.5875225211186628
batch_1,0.3374587365533944,0.11934276545129575,0.12091956705862263,0.0997210654867104,0.5751964076200785,2.790770300970331,0.0055172907227077,Bin 150,0.02726190710043805,2.258274131151709,1.5644437664681017
batch_1,0.5735867920815643,0.2093335324144143,0.20706051031865247,0.16648904363221367,0.9806845405309148,2.770140917738742,0.0058718078492497,Bin 117,0.02859315126591158,2.2312281648385723,1.5437379781859835
disease,0.8639398588908253,0.2931707642228578,0.31294248704843336,0.24866956096921833,1.4792101568124318,2.7606985137723257,0.0060408502540695,Bin 94,0.0289960812195336,2.2189019298122243,1.5376606924366374
disease,0.16854537482037366,0.061024722550772806,0.061456118235206976,0.04771766448831765,0.28937308515242965,2.742532064510013,0.0063785051391769,Bin 82,0.03018560178540054,2.1952810902247406,1.520200161553972
batch_1,0.2291710127158625,0.0821567414108663,0.08427627282319024,0.063477028569754,0.394864996861971,2.719282723817868,0.0068354721895117,Bin 58,0.03189887021772127,2.165231479308864,1.4962246983502885
disease,-1.4076261774306296,0.5358963141540767,0.5219756415140748,-2.4338726021050845,-0.3813797527561748,-2.6967277119437654,0.0073068017829127,Bin 102,0.03318244741602318,2.136272673926832,1.4790915851568949
disease,-0.8454567891891827,0.31775939286594757,0.31351878809354644,-1.4618601416827768,-0.22905343669558864,-2.696670251662617,0.0073080390142432,Bin 99,0.03318244741602318,2.1361991428157627,1.4790915851568949
batch_1,1.1849966895925141,0.46399172651498055,0.44024385900590446,0.3194415748381568,2.0505518043468713,2.6916824967605537,0.0074161568425177,Bin 106,0.033224382654479294,2.1298210939768714,1.4785430799787276
batch_1,4.276037979639241,1.8065071205164995,1.6192295375506431,1.0925014475158146,7.459574511762668,2.640785559104528,0.0086045955355915,Bin 128,0.03804136973629926,2.065269539141081,1.4197438540320282
batch_1,0.4812538725647863,0.18677656920687566,0.18645923888970112,0.11465989376718348,0.8478478513623889,2.581013820663878,0.010216437076455,Bin 133,0.04458081633362182,1.9907005354948262,1.350851983277464
batch_1,0.2932557371745424,0.1089330009239922,0.11428335030324088,0.06856540620752395,0.517946068141561,2.566040778437226,0.010660308960506,Bin 15,0.04592133090679507,1.9722302082645646,1.3379855335652011
disease,-0.35073166573472025,0.1414300613667666,0.13862543556656154,-0.6232805095973639,-0.07818282187207663,-2.5300671864530595,0.011797848282921,Bin 163,0.05017819016533489,1.9281971930383648,1.299485006938962
batch_1,0.4027537181889274,0.1542573758438038,0.159803853728761,0.08856638741112054,0.7169410489667342,2.5203004107305897,0.0121247866102513,Bin 118,0.05092410376305546,1.916325896008656,1.2930766056107557
disease,-0.6213951432393838,0.2522150047486441,0.24954957091515104,-1.1120298291566433,-0.13076045732212432,-2.490066967298707,0.0131885151351226,Bin 20,0.05470791463458264,1.879804097927737,1.2619498394165427
batch_1,3.1978233221500183,1.4482870825399858,1.3340708110579795,0.5749319624314913,5.8207146818685445,2.397041667986122,0.0169990729613964,Bin 119,0.06901675655219519,1.769574762076308,1.1610454542676898
batch_1,0.8304421383142686,0.3423790016013514,0.34660167729937624,0.14899514380913742,1.5118891328194,2.3959553363527912,0.0170487821245006,Bin 12,0.06901675655219519,1.76830663928146,1.1610454542676898
batch_1,0.5771148958395302,0.25446482405034854,0.24191297096773104,0.1014943844725932,1.0527354072064672,2.385630226981553,0.0175276743623119,Bin 59,0.0701106974492476,1.7562757039072292,1.154215712579267
batch_1,0.4304460958200168,0.1730510293044881,0.18093493812150474,0.07471334015486358,0.7861788514851702,2.379010379581614,0.0178409039783583,Bin 67,0.07052404396151045,1.748583144193837,1.1516627925182858
disease,-0.49562736919783484,0.21506354677933734,0.20989640870498158,-0.9083007237641076,-0.08295401463156199,-2.361295137233436,0.0187034711189848,Bin 53,0.07307402669742899,1.7280777866224588,1.1362369604761826
batch_1,1.005284463220687,0.4378151271156694,0.4282880942557211,0.16323535114786192,1.847333575293512,2.34721552315777,0.0194149247125402,Bin 81,0.07444736272175925,1.7118642892277325,1.1281506824070893
disease,-0.313728012552025,0.14261569366924337,0.13379923021247697,-0.5767881454568021,-0.05066787964724784,-2.344766947117827,0.0195410470268448,Bin 105,0.07444736272175925,1.7090521701055372,1.1281506824070893
disease,-0.2811436487150569,0.1217866235831325,0.12017093956642547,-0.5174094574453073,-0.044877839984806524,-2.339531085713551,0.0198131511104577,Bin 107,0.07444736272175925,1.7030464481841667,1.1281506824070893
disease,-0.5268247518386744,0.22805712816091142,0.22541932096846753,-0.9700174102650454,-0.08363209341230339,-2.3370878306938407,0.0199412578718998,Bin 39,0.07444736272175925,1.7002474503576086,1.1281506824070893
batch_1,0.09208644976410388,0.038109391417240214,0.039552034609563726,0.014323943473720631,0.16984895605448713,2.3282354668509844,0.0204115113665991,Bin 111,0.07536558043051976,1.6901248368384214,1.122826951769671
batch_1,0.28956840453797833,0.12345575279606544,0.12472470321688083,0.04434952732442341,0.5347872817515331,2.3216604014238835,0.020767047804033,Bin 114,0.07537270643541213,1.6826252373862027,1.1227858900769925
batch_1,0.6408278748312937,0.27648347587610284,0.2762284991544737,0.09774025329364097,1.1839154963689464,2.319919475335987,0.020862088388373,Bin 116,0.07537270643541213,1.6806422189129013,1.1227858900769925
batch_1,27.067488607216465,13.421539644852373,11.74352995287095,3.97875674181156,50.15622047262137,2.304885218996632,0.0216987948577103,Bin 130,0.07756164970415597,1.663564386021535,1.1103529622313895
disease,-0.4106039873325868,0.1843918505827147,0.17860222664002473,-0.7617504431261178,-0.059457531539055745,-2.298985824852928,0.02203504035329,Bin 76,0.07793445851268885,1.6568861498195886,1.1082704777185923
disease,0.29216336430686224,0.12453212160064407,0.12871487472952298,0.039099486440003016,0.5452272421737215,2.2698492689427257,0.0237632889819077,Bin 109,0.08317151143667696,1.6240934505662488,1.080025406215973
batch_1,-0.10485401537400547,0.0450273690793229,0.04639938007784665,-0.1960789579285658,-0.013629072819445122,-2.2598150061075484,0.0243852167103709,Bin 25,0.08446837953283116,1.6128733804989046,1.0733058373753053
disease,0.21055930609141932,0.09432188780087238,0.094965801112962,0.02384884279119897,0.3972697693916397,2.217211918645941,0.0271860585674189,Bin 141,0.09320934365972193,1.5656537518276858,1.0305405501303369
disease,-0.4703866152766362,0.22367484748370564,0.21313402451537278,-0.8894253849803773,-0.05134784557289511,-2.206999170339922,0.0278974906648508,Bin 164,0.09468239255949362,1.5544348590711887,1.0237307762788945
disease,-0.2406219729374982,0.10851038957344125,0.11023247074357588,-0.4573479463095254,-0.023895999565470952,-2.1828592910453395,0.0296434524065277,Bin 15,0.09960200008593308,1.5280712179062792,1.001731940516435
batch_1,0.6342244297610439,0.31202665242173844,0.29515449681409384,0.053926762606619785,1.214522096915468,2.148787962260039,0.0322678129654395,Bin 123,0.10734638768700666,1.4912304690314462,0.9692125654242447
batch_1,0.3070683313128207,0.14733198717533627,0.14611925547167454,0.019786030037358033,0.5943506325882832,2.101491212240308,0.0362405593182325,Bin 121,0.11918274365977062,1.4408051082648843,0.9237866210711304
batch_1,0.2005059285139252,0.09417458349065384,0.09556258143971846,0.01262214671387338,0.3883897103139771,2.0981635855076366,0.0365351863004654,Bin 8,0.11918274365977062,1.4372886737558022,0.9237866210711304
batch_1,0.7249210581539562,0.35990638745363585,0.3480625335266455,0.04060190188309608,1.4092402144248164,2.0827322343743746,0.0379283958649384,Bin 68,0.12253789433287791,1.4210355248621347,0.911729586771071
disease,-0.22135962931255165,0.10757736859458066,0.10688735947826274,-0.4315088427687174,-0.011210415856385892,-2.0709617151462023,0.0390213580485128,Bin 45,0.12486834575524094,1.4086976200590826,0.9035476417391768
disease,-0.36851571162732205,0.1855143668530935,0.18045602505817512,-0.7233068853873383,-0.013724537867305807,-2.0421358140218406,0.0418119695891561,Bin 166,0.13253605454675899,1.3786993741488187,0.8776659620237449
batch_1,-0.20506553072220302,0.09907231633567033,0.10069750176993085,-0.40304498214887385,-0.007086079295532144,-2.0364510252769485,0.0423818804585066,Bin 155,0.1330870264865254,1.3728197778131677,0.8758642781085333
disease,-0.3337939652070701,0.17000665955589644,0.16788206636778855,-0.6638637168858118,-0.003724213528328417,-1.9882645742268217,0.0474828572583685,Bin 148,0.14772444480381308,1.3234631554670877,0.8305476335641934
batch_1,0.6042868853764194,0.31477037184889606,0.3054576319934431,0.0037324192455629943,1.2048413515072758,1.9783001702487848,0.048599960522941,Bin 31,0.14981272234594656,1.3133640835088145,0.8244513040595942
batch_1,0.4273936639655691,0.215982641701284,0.22012107004666312,-0.005382203650874272,0.8601695315820125,1.9416299578907483,0.0529036180949443,Bin 93,0.16159650618092078,1.2765146254140278,0.7915680331824089
batch_1,0.47321798227187256,0.2454859374417517,0.24552219851857468,-0.009498563038613777,0.955934527582359,1.9273938777314743,0.0546584209197652,Bin 165,0.16385426101561826,1.2623429192174256,0.7855422603450256
disease,-0.30657344422541294,0.16051213068481268,0.1592226942100983,-0.6196181682783866,0.006471279827560773,-1.925438115127493,0.0549032622188128,Bin 88,0.16385426101561826,1.2604018500574128,0.7855422603450256
disease,-0.43131952005105906,0.23926990909700183,0.22419879870929624,-0.8721125327754259,0.009473492673307755,-1.923826187000772,0.055105748496324,Bin 90,0.16385426101561826,1.2588030942514499,0.7855422603450256
disease,0.14572979443879236,0.07478495587222245,0.07621142648989329,-0.004108048046974477,0.29556763692455923,1.912177755367408,0.0565876460740695,Bin 11,0.16678464106041535,1.247278371417293,0.7778439453639217
disease,-0.13553062825171577,0.07137086907000767,0.07112443145546851,-0.2753670261274004,0.004305769623968875,-1.9055425186290933,0.0574465568186085,Bin 18,0.16784385296567353,1.240735996557789,0.7750945595215568
batch_1,-0.09237588028869542,0.046355031786561106,0.04865271605846184,-0.18803106404567838,0.0032793034682875714,-1.8986787947808537,0.0583464678807424,Bin 3,0.16900356213732282,1.2339854297014443,0.7721041415385188
batch_1,-0.36107581853224135,0.17932447100841203,0.19136738073195045,-0.7373196020655459,0.015167965001063153,-1.8868200899818068,0.0599289700170001,Bin 80,0.17210370876676953,1.2223631863411797,0.7642097706974973
batch_1,0.9330843647714503,0.5348380472482291,0.5064469340922408,-0.06263136229181507,1.928800091834716,1.8424129004629437,0.0661756214808972,Bin 85,0.18843227811509713,1.1793019713797406,0.7248447012960219
batch_1,0.18282218959474542,0.09935690061141098,0.09956100419133108,-0.012922815463305502,0.37856719465279626,1.8362831017996504,0.067078754850623,Bin 10,0.18939883722528847,1.1734150075823873,0.722622691585074
batch_1,0.22344085295699262,0.1247576079981917,0.12511805531128511,-0.022551386360873674,0.4694330922748589,1.7858402002899352,0.0749039835896266,Bin 7,0.2097311540509545,1.1254950847706555,0.6783370534284362
batch_1,0.2525141321292247,0.14068840470473107,0.1418049305304329,-0.02628585657511828,0.5313141208335677,1.7807147550136304,0.0757393704707852,Bin 74,0.21031759072879197,1.1206783089616992,0.6771244018883051
batch_1,0.73461074214821,0.4314839280879948,0.41381054367721865,-0.07897433187844255,1.5481958161748623,1.7752344723270816,0.076641018921414,Bin 120,0.21051973824212256,1.1155387300646107,0.6767071786513041
batch_1,0.35137786766643186,0.18895526025442286,0.19821909757713135,-0.03833694661239272,0.7410926819452566,1.7726741366568028,0.077065261320777,Bin 61,0.21051973824212256,1.1131413446017502,0.6767071786513041
batch_1,-0.29948032060009405,0.15985903700185508,0.1703927067459025,-0.6344861947848768,0.03552555358468857,-1.7575888447308543,0.0796040280291734,Bin 26,0.21470303626851958,1.0990649560489778,0.6681618138528072
batch_1,0.6776483986420628,0.40517418632087676,0.3859036454093907,-0.08106945114393556,1.4363662484280613,1.7560041391243426,0.0798746414689433,Bin 110,0.21470303626851958,1.0975910782345948,0.6681618138528072
disease,-0.25120266261902013,0.14676040492247086,0.14470058243630432,-0.5356957377035677,0.03329041246552745,-1.7360169419469813,0.0833526296328836,Bin 121,0.22190262013837925,1.0790806943718372,0.6538375697602319
batch_1,0.41934546337284107,0.25272636658735975,0.2421470493567784,-0.05673526508230439,0.8954261918279867,1.7317801909490929,0.0841054652788396,Bin 95,0.22190262013837925,1.0751757822838641,0.6538375697602319
disease,0.12517931066144794,0.07147737129181234,0.07250510425984219,-0.017371601870560097,0.2677302231934559,1.7264896304794357,0.0850533013314368,Bin 16,0.22190262013837925,1.07030882464753,0.6538375697602319
batch_1,0.28390357148833684,0.1674350046985851,0.16451462234776862,-0.039545512268406365,0.6073526552450801,1.7257041801925126,0.0851947559459849,Bin 73,0.22190262013837925,1.069587136850827,0.6538375697602319
batch_1,0.9067950171734828,0.5379834494594627,0.5287518972073628,-0.13277407550468448,1.94636410985165,1.714972602392122,0.0871466397600348,Bin 102,0.2252405458413207,1.0597493539562741,0.6473534288732667
disease,-0.3198199570071835,0.1906905801044513,0.19028943869115086,-0.6939444191059322,0.05430450509156517,-1.68070261390737,0.0936234234976324,Bin 140,0.24013336103209532,1.0286154822114986,0.6195475004774188
disease,0.23129817657779245,0.13712789117434926,0.1389376195353381,-0.041864446274361686,0.5044607994299466,1.6647627716045827,0.0967652782326469,Bin 30,0.24631161731946483,1.0142804503061,0.6085151041221059
batch_1,-0.5415543727529916,0.2943125654190135,0.3267632750499634,-1.1839974602546106,0.10088871474862746,-1.6573293699244072,0.0982591213224976,Bin 94,0.24813799320108687,1.0076271238415075,0.6053067344205948
disease,-0.24011927934247065,0.14778584365992484,0.14546177155621712,-0.5261089139418371,0.04587035525689585,-1.65073803772334,0.0995991546426482,Bin 146,0.24813799320108687,1.0017443476766141,0.6053067344205948
batch_1,0.41010342061049193,0.2463364863711925,0.24850939459602264,-0.07848619434245943,0.8986930355634433,1.6502531877201536,0.0996983008397224,Bin 66,0.24813799320108687,1.0013122433154327,0.6053067344205948
batch_1,0.10888451160057297,0.06500249175061477,0.0663200674343973,-0.021506117148496286,0.23927514034964226,1.641803390931104,0.1014389087404541,Bin 46,0.25061377453523953,0.9937954314906186,0.600995062470992
disease,-0.06459520170950256,0.03908671532516822,0.039748034103907454,-0.14274305889427774,0.013552655475272637,-1.6251168935963172,0.1049475392612075,Bin 1,0.25678603680502754,0.9790277400049519,0.5904285954918036
batch_1,0.23908360495467398,0.1483614196506383,0.14760901335489085,-0.0511276810849945,0.5292948909943425,1.6197087123660543,0.1061052332353926,Bin 146,0.25678603680502754,0.9742631956537503,0.5904285954918036
disease,-0.23205254833680353,0.14435792339190184,0.1433228783484583,-0.5138369455023772,0.049731848828770214,-1.6190893666858852,0.10623845878584,Bin 162,0.25678603680502754,0.9737182382928895,0.5904285954918036
disease,-0.13774803432332142,0.08366490762147585,0.08526186980178216,-0.3053797820258211,0.029883713379178313,-1.6155877726298955,0.1069941820020948,Bin 28,0.25678603680502754,0.9706398372034096,0.5904285954918036
batch_1,0.16431739463192543,0.09858827867906465,0.1022361610577897,-0.03668718568462432,0.3653219749484751,1.6072336141323216,0.1088144712451293,Bin 137,0.2577120583511984,0.963313343939488,0.5888652603281497
disease,-0.192050188807267,0.12348364014753509,0.11952488665213548,-0.42704580513635965,0.04294542752182566,-1.6067799283191018,0.1089140246603279,Bin 13,0.2577120583511984,0.9629161933349373,0.5888652603281497
disease,-0.1825313987204581,0.11172636133410824,0.11400815951446655,-0.4066806822886673,0.04161788484775109,-1.6010380265571833,0.1101802437631108,Bin 42,0.25888504828255404,0.9578962711271846,0.5868930312024023
disease,-0.15853673030865081,0.1000357026020166,0.09949843321443431,-0.35415871575386615,0.037085255136564514,-1.59335906292092,0.1118918439492097,Bin 41,0.26108096921482266,0.9512015690297025,0.5832247837351081
disease,-0.38891245451224565,0.2515961806016123,0.24870857154997417,-0.8778936675027555,0.10006875847826426,-1.5637275872259178,0.1186946755387358,Bin 56,0.27504421366217396,0.9255687623934322,0.5605974872385631
batch_1,1.4557875760150456,1.0508325607108746,0.9366208035671777,-0.3856848500705931,3.2972600021006846,1.5542977162909364,0.1209265904449395,Bin 24,0.27829681088698405,0.9174781919947584,0.5554917703893515
disease,-0.5033361198647593,0.34668247506518907,0.3323556157082132,-1.156774202438262,0.15010196270874307,-1.5144504743577314,0.1307237025500781,Bin 70,0.2987970344001785,0.8836456599067054,0.5246237172650374
batch_1,0.46642697857605775,0.31899695847323395,0.309703039413283,-0.1424743026921091,1.0753282598442246,1.506045854311538,0.1328669748559964,Bin 99,0.301374453522021,0.8765829529936529,0.5208935641137381
disease,-0.20893025722709663,0.14014259658217126,0.1394638676184089,-0.48312752647036716,0.06526701201617392,-1.498095964173005,0.1349193263058713,Bin 74,0.301374453522021,0.8699258360447474,0.5208935641137381
batch_1,0.2848111697296524,0.19307751216668015,0.19030532571118816,-0.08934452753835559,0.6589668669976606,1.4966011522025853,0.1353079611242052,Bin 142,0.301374453522021,0.8686766500350726,0.5208935641137381
batch_1,0.3370685257105711,0.23602428107449253,0.22529851014640787,-0.10588660884621645,0.7800236602673586,1.4960974464124537,0.1354391145292416,Bin 103,0.301374453522021,0.8682558942104127,0.5208935641137381
disease,-0.14624031672402776,0.09820580022673484,0.09833920293864386,-0.33958316147514184,0.04710252802708628,-1.4871008952072808,0.137798249391258,Bin 137,0.30460665654909663,0.8607562997327903,0.5162606102877189
disease,-0.14556695844569167,0.09897144024955751,0.0987203344721983,-0.3396591386878382,0.04852522179645487,-1.4745387485157513,0.141145423058768,Bin 10,0.3099664192663141,0.8503332002131232,0.508685353640878
batch_1,0.7850765735630901,0.555953578796317,0.5381987599487437,-0.2730658170655545,1.8432189641917345,1.4587112271270528,0.1454515517419869,Bin 96,0.31734884016433507,0.8372816411450936,0.4984630845917126
disease,0.4507374125063513,0.31081612848620627,0.3099272229392903,-0.15860463174716985,1.0600794567598724,1.4543330793327676,0.1466603500919779,Bin 123,0.31792179116712627,0.833687282637608,0.49767970341805545
disease,0.6436909451190659,0.43319409355592764,0.44624897060555146,-0.23367070583884464,1.5210525960769763,1.4424480223351317,0.1499806853846311,Bin 64,0.31840270131080145,0.8239646660841365,0.49702325638851924
disease,-0.34966718889686343,0.2547459599380185,0.24262342852487892,-0.8266845174137176,0.1273501396199908,-1.4411930085350688,0.1503346324230414,Bin 14,0.31840270131080145,0.8229409599477726,0.49702325638851924
batch_1,0.6915644367588747,0.4863405908915715,0.48076882738431315,-0.2536660509453637,1.636794924463113,1.4384552353808444,0.1511089750111658,Bin 149,0.31840270131080145,0.8207097402799782,0.49702325638851924
disease,-0.0673283056530676,0.04617519498392111,0.04682439985389445,-0.15938887154116094,0.0247322602350257,-1.4378893453659036,0.1512694092508713,Bin 3,0.31840270131080145,0.8202488891399696,0.49702325638851924
disease,-0.26452678724449147,0.1860519596074498,0.18412710654372763,-0.626535604797825,0.09748203030884206,-1.43665314797998,0.1516203339575245,Bin 133,0.31840270131080145,0.8192425511224385,0.49702325638851924
batch_1,0.8381985646454708,0.6020921409921584,0.5908783558937397,-0.32351618203226234,1.9999133113232037,1.4185636625285487,0.1568269261086641,Bin 158,0.3272909762267773,0.8045793698628263,0.48506596850483197
disease,0.23177363195056566,0.15923885539525207,0.16458158383605437,-0.09180710352031658,0.5553543674214481,1.4082598219582312,0.1598528474841431,Bin 26,0.3283312490522918,0.796279623166855,0.48368778116000466
disease,-0.13147138766447203,0.093809228202734,0.09341475041148983,-0.31513235955115154,0.05218958422220753,-1.4073943042757548,0.1601090274677912,Bin 8,0.3283312490522918,0.7955841804547309,0.48368778116000466
disease,-0.5992378512847517,0.4298099633202607,0.428722697183312,-1.4421414279438924,0.24366572537438894,-1.3977283106812777,0.1629912193492531,Bin 120,0.3283312490522918,0.7878357912456271,0.48368778116000466
batch_1,0.40330217078807207,0.28684308185351226,0.288663660393666,-0.16423398579032425,0.9708383273664682,1.3971352342656067,0.1631693327362358,Bin 126,0.3283312490522918,0.7873614624629804,0.48368778116000466
disease,-0.24410731191260063,0.1723796686645693,0.17484897438191765,-0.5878745695128769,0.09965994568767561,-1.3961037676972812,0.1634794548237855,Bin 67,0.3283312490522918,0.7865368192563605,0.48368778116000466
disease,-0.21693844765573325,0.15776314040990247,0.15552483951458726,-0.5227128896142664,0.08883599430279991,-1.3948797396790484,0.1638480511492982,Bin 83,0.3283312490522918,0.7855587198607286,0.48368778116000466
batch_1,0.32443237289172516,0.2245459855355637,0.2327637615396358,-0.13320005106763605,0.7820647968510864,1.3938268171374255,0.1641656245261459,Bin 164,0.3283312490522918,0.7847177768239858,0.48368778116000466
batch_1,-0.20369441925136858,0.14121235580352443,0.14868969055676415,-0.49603040427398715,0.08864156577124994,-1.3699296735949942,0.1714990321170365,Bin 57,0.3409684898894927,0.7657383266265537,0.4672857538503832
batch_1,-0.14677160352795499,0.10527268466492791,0.10814306867607003,-0.35938964305987897,0.06584643600396894,-1.3571984346735366,0.1755050896090232,Bin 43,0.3468806476978341,0.7557102845710169,0.45981992855944676
batch_1,0.8095240274885322,0.6071154047230386,0.603581065790637,-0.377165276579569,1.9962133315566335,1.341201825852719,0.1806374705525853,Bin 104,0.3549367842436764,0.7431921567562736,0.4498489897585833
disease,-0.6409722035557168,0.4837914701863926,0.47982579432122496,-1.5843486118118475,0.3024042047004139,-1.3358435731085572,0.1823814027074597,Bin 48,0.3562200401902354,0.7390194484270223,0.44828165169137435
batch_1,0.15128119108694693,0.11233498137485602,0.11351495994731291,-0.07189842215148545,0.3744608043253793,1.3326982730484416,0.1834109135503295,Bin 21,0.3562200401902354,0.736574825952423,0.44828165169137435
batch_1,0.22847722692532177,0.16902544603060732,0.17240168238108497,-0.1104784562139243,0.5674329100645679,1.3252610054018192,0.185862441620196,Bin 34,0.3589067838183095,0.7308083619497789,0.4450183328425346
disease,0.3651692969638765,0.2653473105765009,0.277585663184633,-0.18058661907427784,0.9109252130020308,1.315519298707398,0.1891102547795712,Bin 100,0.36104964252672,0.7232849202642813,0.44243308066167153
disease,-0.20345801940063787,0.1559598004698899,0.15466370102356364,-0.5075393932784477,0.10062335447717206,-1.315486556018986,0.18912124132352,Bin 69,0.36104964252672,0.7232596902373657,0.44243308066167153
disease,-0.20844312194423742,0.16187866434601045,0.15988291472459146,-0.5227858930488513,0.10589964916037638,-1.303723554848209,0.1930988538738104,Bin 60,0.3665605361672333,0.7142203039407342,0.4358542929126969
disease,-0.25482039515130106,0.19357970330027346,0.19656046674387884,-0.6412742067566238,0.1316334164540217,-1.2963969783574831,0.1956072922024238,Bin 86,0.369236236966373,0.7086149588314391,0.43269568375048906
disease,0.12219454915732628,0.09404290887614142,0.0955944158107162,-0.06575182159673006,0.3101409199113826,1.2782603264115369,0.2019198239271645,Bin 115,0.3758707433671225,0.6948210411378922,0.42496147712923854
disease,1.3384391166223784,1.0467558000973043,1.0471848956494687,-0.7204112772697701,3.397289510514527,1.2781306550380218,0.2019654871197188,Bin 24,0.3758707433671225,0.6947228386428052,0.42496147712923854
disease,-0.16817229229035366,0.1328654570610994,0.13172660340625883,-0.42715747287858974,0.09081288829788238,-1.2766767527717422,0.2024779897305035,Bin 54,0.3758707433671225,0.6936221796498981,0.42496147712923854
disease,-0.15079092972156835,0.11887976886754197,0.1186565543129284,-0.38407933428124663,0.08249747483810987,-1.2708183765718766,0.204552715257392,Bin 150,0.3773524793075335,0.6891947512500578,0.42325279223136547
disease,0.7685745435475025,0.5997562926202002,0.607794113838995,-0.4263979545103943,1.9635470416054,1.2645310740062523,0.2067965656776492,Bin 158,0.3773524793075335,0.6844566779554204,0.42325279223136547
disease,0.5937043562897318,0.46812555552371277,0.46987890775670293,-0.3301156666456715,1.517524379225135,1.2635262968584748,0.2071568125280692,Bin 157,0.3773524793075335,0.6837007799872227,0.42325279223136547
disease,-0.20609741209787277,0.16355474638747775,0.16357670195152849,-0.5277024683239852,0.1155076441282395,-1.2599435594376034,0.2084450670483596,Bin 36,0.3773524793075335,0.6810083782015199,0.42325279223136547
batch_1,-0.2618615142501574,0.1914232064574527,0.20804031658368044,-0.6708856412436137,0.1471626127432989,-1.2587056131729564,0.2088915510452418,Bin 108,0.3773524793075335,0.6800791254032932,0.42325279223136547
batch_1,-0.4326621863721045,0.3277066431732001,0.34707601562782603,-1.1150417684827527,0.24971739573854349,-1.2465920054702184,0.2132972534225569,Bin 136,0.3832506799464124,0.6710147368201796,0.41651706596683463
batch_1,0.2800349227160212,0.2175965421563377,0.22735618495176893,-0.16696576731155263,0.7270356127435952,1.231701362227852,0.2188047120067648,Bin 159,0.39105522996953707,0.6599433296123652,0.40776190148620106
disease,-0.2040388620972495,0.1665936553837015,0.16795016580967315,-0.5342425027991528,0.12616477860465375,-1.2148774079120186,0.2251497486467913,Bin 160,0.398259436392167,0.6475285335394783,0.39983392519539185
disease,2.815259698788771,2.2995115460024587,2.3176027432571695,-1.7413351687118528,7.371854566289395,1.2147291881576705,0.2252062289122373,Bin 143,0.398259436392167,0.647419601632407,0.39983392519539185
disease,0.05867522806029732,0.04794650377978658,0.04872711470204397,-0.03712622946102325,0.1544766855816179,1.204159704901141,0.2292600348120844,Bin 122,0.4033056109783265,0.6396716459823181,0.3943657358402015
batch_1,1.500229578951333,1.3237794071616829,1.2538211860150326,-0.9648845125734077,3.965343670476073,1.196525944596175,0.2322201213821157,Bin 87,0.4063852124187025,0.6341001522691962,0.3910621035829018
batch_1,0.1806092287389881,0.1413697918565807,0.15222953699465977,-0.1186863813348102,0.4799048388127864,1.186426972745269,0.2361778251165251,Bin 101,0.4101044042310374,0.6267608809884624,0.3871055666721207
batch_1,0.092820593795183,0.07655272523210539,0.07833724591062019,-0.06119678199925775,0.24683796958962376,1.1848845682051137,0.2367864714905394,Bin 153,0.4101044042310374,0.6256431141317388,0.3871055666721207
disease,-0.13148835727782834,0.11189917186084043,0.11148812775253986,-0.3506830541181172,0.08770633956246049,-1.1793933571983664,0.2389623839581864,Bin 21,0.41175056928179804,0.6216704577343558,0.38536579170702984
disease,0.18638123221736647,0.15705476569115817,0.16074842959264232,-0.129663211279973,0.5024256757147061,1.159459116892657,0.2469802842794605,Bin 113,0.4233947730505037,0.6073377138269128,0.3732545077935448
disease,-0.08816241238082322,0.0811014227143007,0.08069304379325666,-0.24681147778303683,0.07048665302139043,-1.092565210536658,0.2752609095331558,Bin 33,0.46948053605655,0.5602554594364727,0.32838240820822157
batch_1,0.18357763715576622,0.17107116214571247,0.16935757430317064,-0.1493930827345808,0.5165483570461132,1.083964729130685,0.2790518118309476,Bin 139,0.4727075031397618,0.5543151533457504,0.32540750422060166
disease,-0.11104661543192627,0.10375450864368682,0.1026402551485951,-0.3128456774885016,0.09075244662464912,-1.0819012021273822,0.2799666462047994,Bin 44,0.4727075031397618,0.5528937052007391,0.32540750422060166
batch_1,-0.3024256860171916,0.2539727997888684,0.2850509738520095,-0.8628590079957007,0.2580076359613174,-1.0609530005472023,0.2893695209480902,Bin 29,0.48600941055203967,0.5385472146860505,0.3133553214552897
disease,-0.16199460450225528,0.15463916024345095,0.1537865718479165,-0.4643514713171024,0.14036226231259186,-1.053372882662707,0.2928239770344609,Bin 47,0.48600941055203967,0.5333933652249017,0.3133553214552897
disease,-1.381489410166143,1.3186437347910807,1.3149652709088155,-3.9668177291790143,1.2038389088467285,-1.050590035135567,0.2940991392239054,Bin 87,0.48600941055203967,0.5315062465941041,0.3133553214552897
disease,0.11919534076367097,0.11275643724179396,0.11352781995288941,-0.1040095562882089,0.34240023781555085,1.049921867724875,0.2944058639331149,Bin 37,0.48600941055203967,0.5310535440341592,0.3133553214552897
disease,0.8026180131462081,0.7285063234512341,0.7655200016621704,-0.7024563662707893,2.3076923925632054,1.0484611916128734,0.2950771421208812,Bin 32,0.48600941055203967,0.530064431419235,0.3133553214552897
disease,-0.07442037693566705,0.07225299591744534,0.07177832035037594,-0.21554237338561963,0.06670161951428553,-1.0368085596374264,0.3004691485605619,Bin 2,0.49247626300657943,0.5222001136703981,0.30761469733630836
batch_1,0.24003414530927505,0.2381978833784228,0.2337771439287187,-0.21959067057590045,0.6996589611944507,1.0267648123140054,0.3051692553020578,Bin 132,0.49775179505578354,0.5154592221104634,0.30298716508977275
disease,-0.31118151547102174,0.32643528788250564,0.30630061065043573,-0.9133933459767867,0.2910303150347433,-1.0159350149848585,0.3102917870822773,Bin 136,0.5029532292791019,0.5082297193305971,0.2984723990602007
batch_1,0.16805999570835403,0.15766644100538496,0.1659224172042638,-0.15815692685780663,0.4942769182745147,1.012883000019574,0.3117456347471367,Bin 113,0.5029532292791019,0.5061996190635455,0.2984723990602007
disease,-0.16742763326190688,0.1701277203824986,0.1656758978205186,-0.4931598787357657,0.15830461221195197,-1.0105732666273883,0.312848883688489,Bin 98,0.5029532292791019,0.5046653903389907,0.2984723990602007
disease,0.3520170834698243,0.3410507241184975,0.35070011784952015,-0.3374877773930659,1.0415219443327146,1.0037552471564015,0.3161205621060524,Bin 12,0.5057928993696839,0.500147254496511,0.2960272718405862
disease,-0.14666160879642678,0.1489210966182865,0.14950859077558676,-0.44060761803261617,0.1472844004397626,-0.9809577365127246,0.3272232743422643,Bin 91,0.5210759250189612,0.4851558139281753,0.2830989918360239
disease,0.14130972330548572,0.1459440345972209,0.1462910004612805,-0.146310242541886,0.4289296891528574,0.965949531139387,0.3346695668110445,Bin 156,0.5266635708374343,0.47538377843085305,0.27846672062379196
disease,-0.18661361324211034,0.19621232590339194,0.19340652644933573,-0.566866522557198,0.19363929607297733,-0.9648775388714464,0.3352055963623013,Bin 138,0.5266635708374343,0.4746887392989886,0.27846672062379196
batch_1,-0.1453212265490346,0.14317113367041057,0.1506825062644799,-0.4415752487987279,0.15093279570065876,-0.964420025599819,0.3354345361881278,Bin 105,0.5266635708374343,0.4743922246644452,0.27846672062379196
disease,-0.07199661615453538,0.07625573487726088,0.07538225045967213,-0.22020423134852296,0.07621099903945219,-0.9550871155412376,0.3401267804204559,Bin 153,0.5299312041966983,0.4683591718575201,0.27578050695964373
batch_1,0.18117538565290775,0.1851099946176931,0.1903930616169502,-0.19315280751805608,0.5555035788238716,0.9515860720671252,0.3418978167329246,Bin 76,0.5299312041966983,0.4661036724817639,0.27578050695964373
disease,-0.1169910982990247,0.12297679965991866,0.12303239417873149,-0.35888275875815906,0.12490056216010967,-0.9508967055381328,0.342247236043701,Bin 114,0.5299312041966983,0.46566005050095827,0.27578050695964373
batch_1,0.17871370431800074,0.19188385939321076,0.19582371789880282,-0.2062915993340598,0.5637190079700614,0.9126254277858,0.3620048231938431,Bin 92,0.5579523880418865,0.44128564307866636,0.2534028592934272
batch_1,-0.2511282266719743,0.25607673451176405,0.27803643148059415,-0.7977703897210903,0.2955139363771418,-0.9032205791689644,0.366967802792856,Bin 125,0.5611632828489063,0.43537203842585126,0.2509107527858346
batch_1,-0.24302612353717645,0.25573810948793735,0.26969015726018697,-0.7732588348862085,0.2872065878118559,-0.9011308607110712,0.3680763106672888,Bin 14,0.5611632828489063,0.4340621327775688,0.2509107527858346
batch_1,0.11520399692033571,0.1250987771834772,0.12817198551202746,-0.13679251673613047,0.36720051057680186,0.8988235335523077,0.369302679054323,Bin 84,0.5611632828489063,0.4326175418093815,0.2509107527858346
batch_1,-0.2223533138856075,0.2402017846512892,0.24814230292970865,-0.7102211968646496,0.2655145690934345,-0.8960717751885845,0.3707685975965988,Bin 90,0.5611632828489063,0.43089705572504,0.2509107527858346
batch_1,0.11544436773360614,0.1239645672563478,0.129668383629209,-0.1394941859253258,0.37038292139253814,0.8903046718290488,0.373852596603761,Bin 13,0.5632935984702409,0.42729959860224515,0.24926518426056174
disease,-0.16771533625035276,0.19232845772509072,0.1899717809572412,-0.5412152574936135,0.20578458499290814,-0.8828434170867833,0.3778661201932761,Bin 142,0.5667226776484917,0.42266204556040043,0.24662940853276133
disease,-0.18201235475868163,0.20852141188070214,0.2068753063253587,-0.5887459771438315,0.22472126762646819,-0.8798167262767727,0.3795017930681864,Bin 117,0.5667226776484917,0.42078616781124295,0.24662940853276133
disease,-0.036024924727318886,0.04109909149372564,0.041283317608742987,-0.11719127373889446,0.045141424284256694,-0.8726266883088274,0.3834048971639572,Bin 161,0.5700179002083611,0.41634234425477196,0.2441115060123289
disease,-0.28684107177324336,0.32877556750588766,0.3313263225283133,-0.9382554805163924,0.3645733369699055,-0.8657358388684364,0.3871686556242952,Bin 97,0.5711638203675563,0.4120998095258858,0.24323931018210032
batch_1,0.513451394879271,0.5914066255360364,0.593589870066496,-0.6535944084684124,1.6804971982269548,0.8649935262907239,0.3875754495351275,Bin 23,0.5711638203675563,0.41164374057149056,0.24323931018210032
disease,-0.1417380279853994,0.15820873456489604,0.16470685236326935,-0.46556505153556,0.1820889955647612,-0.8605472447059395,0.3900175226824229,Bin 112,0.5722527843724633,0.4089158805803445,0.24241208553038845
disease,0.332363142448,0.3760842308883985,0.38894438485392474,-0.43233304758059654,1.0970593324765967,0.854526136359637,0.3933394832256889,Bin 154,0.5746176798427455,0.4052324571336185,0.24062101576136735
disease,0.451903130429407,0.553796727421749,0.5466271095464577,-0.6228100787444687,1.5266163396032828,0.8267118892152199,0.4089071781666076,Bin 96,0.5947740773332474,0.3883752655503714,0.22564796805267168
disease,-0.43123601185635874,0.5327631146974282,0.5313408678013245,-1.475895230594688,0.6134232068819705,-0.8115995549915118,0.4175177727325835,Bin 85,0.6013480487732971,0.3793250329099459,0.22087409387042445
disease,0.19268032878157093,0.2406010638072937,0.2375745341241803,-0.2744104640596983,0.6597711216228401,0.8110310706990878,0.4178437593011352,Bin 135,0.6013480487732971,0.3789860798467414,0.22087409387042445
disease,0.8951486957200824,1.04461806513077,1.1059792750680122,-1.2792962142192414,3.0695936056594064,0.8093720342680338,0.4187959625385461,Bin 129,0.6013480487732971,0.3779975138501257,0.22087409387042445
disease,0.13891999689046902,0.16836970285435615,0.17339414574764397,-0.2019869496805288,0.4798269434614668,0.8011804336961394,0.4235162822930969,Bin 34,0.6014235198152444,0.3731298883459946,0.2208195919883377
disease,0.21584698871924116,0.25298749885148875,0.26976740095105345,-0.3145375899877208,0.7462315674262031,0.8001225795195485,0.4241281296518295,Bin 29,0.6014235198152444,0.372502922665411,0.2208195919883377
disease,-0.1951310688420995,0.24453356173665283,0.24392401239239087,-0.6747054506730736,0.2844433129888746,-0.7999666245576509,0.4242183755839671,Bin 165,0.6014235198152444,0.3724105233680779,0.2208195919883377
disease,0.09918091750485972,0.12427360424578972,0.1266050387955105,-0.14973485188389227,0.3480966868936117,0.7833883899759663,0.4338757615163234,Bin 7,0.610166085756653,0.3626346110686229,0.21455193497296782
disease,-0.143773588765542,0.180897226258518,0.18358427444285572,-0.5047151544043945,0.21716797687331052,-0.7831476263523564,0.4340169479042859,Bin 79,0.610166085756653,0.36249331141467417,0.21455193497296782
batch_1,0.1400796645536166,0.17605403526518648,0.18062758606951537,-0.21504881206212448,0.49520814116935763,0.7755164512894851,0.4385057434974853,Bin 78,0.6139080408964793,0.3580247139218195,0.21189667824358155
batch_1,0.2587020405208792,0.3286254686787315,0.33592083394326694,-0.40174555011375646,0.9191496311555148,0.770128001541491,0.4416913989034688,Bin 49,0.6158021163135499,0.3548810577149653,0.21055882289998967
disease,-0.06726400034837388,0.08834956902317008,0.08809617555474296,-0.24046822292148848,0.10594022222474073,-0.7635291762078369,0.4456106892117856,Bin 62,0.6186991387403304,0.3510443999482972,0.20852048853888439
disease,0.14821409078742664,0.19068056998254068,0.19808275190386374,-0.2412326568450218,0.537660838419875,0.7482432940923597,0.4547655523984529,Bin 108,0.6275658372389308,0.3422124396964028,0.20234070610237914
disease,0.20464613522782274,0.26650894270094516,0.2740896949183707,-0.334236423801525,0.7435286942571705,0.746639290064409,0.455732334185414,Bin 124,0.6275658372389308,0.3412901571534938,0.20234070610237914
batch_1,0.1468553171425468,0.1943336309211453,0.19876819940461382,-0.24393907584152455,0.5376497101266181,0.7388270235502168,0.4604575844737087,Bin 86,0.6314846872782292,0.3368103691097297,0.1996371760844181
disease,-0.11508701813685987,0.16042429025848046,0.15671139136865006,-0.4231943172271755,0.1930202809534557,-0.7343883372595905,0.4631545323434464,Bin 168,0.6326013124690976,0.33427408166740674,0.1988699113809418
disease,-0.0956754091161969,0.1311826211443501,0.13143650358275366,-0.3540902299347561,0.16273941170236225,-0.7279211368853766,0.4670997798384507,Bin 38,0.6354069879583782,0.3305903374113578,0.19694801328117945
disease,-0.13699744954327336,0.1923106683089311,0.19064872771171046,-0.5118283029818641,0.23783340389531735,-0.7185857004534228,0.4728276159418705,Bin 72,0.6406051570825342,0.32529716600811304,0.19340956944448529
disease,-0.0738060452483455,0.1055673421910814,0.10461204782940817,-0.27948181155689344,0.13186972106020237,-0.7055214650677875,0.4809080412164366,Bin 51,0.6489361520029023,0.3179379610698209,0.18779803077571325
disease,-0.0994505712812888,0.1406645149849074,0.14163181277148595,-0.3779101964379159,0.1790090538753384,-0.7021767873701232,0.4829888476219171,Bin 57,0.6491370112038565,0.31606289714119834,0.1876636284233919
disease,9.230666971864126,13.369470070456439,13.447025054599104,-17.207274355744822,35.66860829947307,0.686446774240752,0.4928403776198117,Bin 130,0.658183724338418,0.3072937183373039,0.1816528612051339
batch_1,0.1680945857899765,0.24877969168799458,0.2465147059311734,-0.3165733095503461,0.6527624811302991,0.6818846168021647,0.4957176973475545,Bin 75,0.658183724338418,0.3047655763072936,0.1816528612051339
batch_1,0.09474942596706919,0.13338292318089576,0.13917721563623522,-0.1788842622420783,0.36838311417621666,0.6807825945786552,0.4964140821772075,Bin 54,0.658183724338418,0.30415590701797435,0.1816528612051339
disease,-0.1657223111522788,0.2453808109164426,0.24407610757561782,-0.6455957244429282,0.3141511021383705,-0.6789780154984485,0.4975555535177326,Bin 66,0.658183724338418,0.30315842197503995,0.1816528612051339
disease,0.16785259342326794,0.24714116130055383,0.25154887800423553,-0.32671289230305484,0.6624180791495907,0.6672762556326793,0.5049913212154693,Bin 52,0.6648369269299724,0.29671608560533747,0.17728486660580817
batch_1,-0.0286870584047634,0.041259158586202764,0.043330887472203344,-0.11387909575220112,0.05650497894267431,-0.6620464079616666,0.5083334834403237,Bin 161,0.6648369269299724,0.2938512827929995,0.17728486660580817
batch_1,-0.18673984957429676,0.26638074880973023,0.2830306696132833,-0.7432010896454332,0.36972139049683955,-0.6597866225220299,0.5097812061836698,Bin 100,0.6648369269299724,0.2926161794614494,0.17728486660580817
batch_1,0.2593809765650553,0.37754895205806205,0.3937972897830259,-0.514856417950266,1.0336183710803766,0.6586662308112096,0.5104997831783717,Bin 154,0.6648369269299724,0.292004438032422,0.17728486660580817
disease,-0.3925265423599194,0.6047600683332028,0.6081734538335744,-1.5882448535979947,0.8031917688781556,-0.6454187368515656,0.5190363625962819,Bin 104,0.6733444703951765,0.2848022153274184,0.17176270201882624
disease,-0.07951148502142713,0.12461344984713887,0.12519131343484918,-0.3256477557488203,0.16662478570596603,-0.6351198245300438,0.5257236650589365,Bin 84,0.6750489931755936,0.2792424730991566,0.17066470614132626
batch_1,0.012251565748608287,0.018792571699376807,0.019335679426746653,-0.0257639474327958,0.050267078930012386,0.6336247865001808,0.526698088298995,Bin 4,0.6750489931755936,0.2784382579529506,0.17066470614132626
disease,1.140726609951856,1.7994986803972923,1.8046520321200639,-2.4073655775928122,4.688818797496524,0.6321033582367435,0.5276906614901471,Bin 128,0.6750489931755936,0.2776205914381587,0.17066470614132626
disease,0.15965079231964718,0.24849970082956777,0.25299729555044176,-0.3377623997171048,0.6570639843563991,0.6310375451733495,0.5283865631106581,Bin 145,0.6750489931755936,0.27704823504141246,0.17066470614132626
disease,-0.12692075193540894,0.20630360045833523,0.20273513242387425,-0.5255144568109897,0.27167295294017196,-0.626042217833492,0.5316544050245056,Bin 40,0.6766510609402798,0.2743705834235223,0.1696352329035093
disease,0.1824055319011049,0.28139357023995004,0.29918345834254256,-0.4058134002221749,0.7706244640243848,0.6096778642496482,0.5424311669465101,Bin 77,0.6877617814868958,0.2656553647825579,0.16256196132952166
disease,-0.1023846268413451,0.1704074825053694,0.16885474648751564,-0.43436674648485696,0.22959749280216676,-0.6063473427376526,0.5446377997961127,Bin 139,0.6879635365845634,0.26389222037177423,0.16243457961299718
disease,-0.13306957186096494,0.22651605003474884,0.22328434805821964,-0.5720647004762448,0.305925556754315,-0.5959646209785743,0.5515454636495178,Bin 167,0.6940796845926517,0.25841868304551213,0.15859066702024327
disease,-0.11247896815416825,0.19113943579081982,0.19104746739668269,-0.48809377613686683,0.26313583982853034,-0.5887488051365883,0.5563714969368535,Bin 92,0.6975403842193387,0.2546351271345547,0.15643064377349947
disease,-0.3447583663271376,0.5891122321876244,0.5950933773251279,-1.5147601868256741,0.8252434541713989,-0.57933490686249,0.5626985509390803,Bin 23,0.7028502346302267,0.24972420323941713,0.15313720585198107
disease,0.11378061398693477,0.20038278555795158,0.20060013112806788,-0.280615505269246,0.5081767332431154,0.5672010947704442,0.5709047253124624,Bin 17,0.7104592137221754,0.2434363623731825,0.14846084914232582
disease,-0.12348311690134287,0.2167523648383909,0.22076930403499403,-0.5575334650873152,0.31056723128462943,-0.559331005916337,0.576257720582857,Bin 159,0.7144745170326197,0.23938324297484154,0.14601325645940325
disease,-0.14911215798008712,0.26815290325122987,0.27133671340855214,-0.6825821321933099,0.38435781623313564,-0.5495465619338018,0.582945765181041,Bin 134,0.7190797692780359,0.23437184829114704,0.14322292959532446
disease,0.04418914455642604,0.079685449062589,0.0810217893299821,-0.11510626122043335,0.20348455033328544,0.5453982801645416,0.5857922056797276,Bin 19,0.7190797692780359,0.23225641116723056,0.14322292959532446
disease,-0.059382507286536546,0.10667731186431488,0.10905382814023425,-0.2737911737548551,0.15502615918178198,-0.544524738830585,0.5863924308993507,Bin 9,0.7190797692780359,0.2318116441647805,0.14322292959532446
disease,-0.10142024720292989,0.18822219830760706,0.19246982103040036,-0.4798315177312588,0.27699102332539904,-0.5269410376129081,0.5985348918968383,Bin 61,0.7313008133721369,0.22291052710123793,0.13590394354165658
batch_1,0.06135420027216246,0.12848281329865682,0.11908917820333255,-0.1727847779262936,0.29549317847061857,0.5151954291548343,0.6067090984161567,Bin 71,0.7362092201235194,0.21701949217923744,0.13299874784603147
disease,-0.12432168929899859,0.2478145376887279,0.24223518554359744,-0.6005757006421062,0.35193232204410907,-0.5132272135445956,0.6080837382110602,Bin 75,0.7362092201235194,0.21603661063047208,0.13299874784603147
disease,-0.20403650130923653,0.40360229159074884,0.3995698969172709,-0.9896233094013779,0.5815503067829048,-0.5106403232160438,0.609892588714249,Bin 110,0.7362092201235194,0.2147466440649285,0.13299874784603147
batch_1,0.14498786279046363,0.26754690509930634,0.28506898619312704,-0.41548087291083574,0.705456598491763,0.5086062315184228,0.611316584566851,Bin 124,0.7362092201235194,0.21373382196227791,0.13299874784603147
disease,-0.06424843520742479,0.1279843574148552,0.12773950505146583,-0.3153946572198105,0.1868977868049609,-0.5029644915372055,0.6152738824107489,Bin 71,0.7383286588928987,0.21093151976591415,0.13175027371828932
disease,-0.1760297865011661,0.35851011154841383,0.35256268206943103,-0.8691965996073943,0.517137026605062,-0.4992864969937463,0.6178598187081297,Bin 68,0.7385472246480916,0.20911004735016125,0.1316217295350385
batch_1,0.09187941231756665,0.18623688271015185,0.18507007463757894,-0.27198335694908815,0.4557421815842215,0.496457422938275,0.6198521349725055,Bin 166,0.7385472246480916,0.20771189860552147,0.1316217295350385
disease,0.009243588723938065,0.018719664921459794,0.018831671778100197,-0.02778100456332753,0.04626818201120366,0.4908533258681609,0.6238069749368167,Bin 4,0.7402288080351399,0.20494977359997785,0.13063401715060804
batch_1,0.05269890532777704,0.10597849136520957,0.10853314253590528,-0.1606860510335486,0.2660838616891027,0.4855558781073995,0.6275554481008172,Bin 51,0.7402288080351399,0.20234789575872114,0.13063401715060804
batch_1,0.16715914127504145,0.3480326863175456,0.34458112985002937,-0.5103152931509211,0.8446335757010041,0.4851082279165821,0.6278726496726633,Bin 70,0.7402288080351399,0.20212843453194188,0.13063401715060804
disease,-0.12933931721007064,0.2707194795660295,0.27008569775237773,-0.6603496932308628,0.4016710588107216,-0.4788825113155478,0.6322912795692243,Bin 27,0.7428317130603475,0.19908280784530138,0.12910956358450032
disease,-0.10723058076785358,0.25347761427876925,0.25052933303703434,-0.599791558440218,0.38533039690451093,-0.4280160708846109,0.6688762867491251,Bin 59,0.7830746771697075,0.17465420054393493,0.10619681988808322
disease,0.09456261819364842,0.23431270591999537,0.23488068708793794,-0.3672318530002264,0.5563570893875232,0.4025985250896542,0.6874647436267329,Bin 144,0.7997729004190133,0.16274956955730874,0.09703331562869934
disease,-0.056543238665467066,0.1398354297476725,0.14065248986639772,-0.3330774356028131,0.21999095827187895,-0.4020066670641669,0.6878999054199252,Bin 50,0.7997729004190133,0.16247475026199548,0.09703331562869934
disease,-0.04058647001735098,0.10756562239038993,0.10966891773875363,-0.25620445249801055,0.1750315124633086,-0.3700817957740178,0.7115229535715532,Bin 35,0.8194319589781538,0.14781108511072819,0.08648710196794605
disease,-0.1676147895742808,0.4621916460203306,0.4580338184975311,-1.0681464068152833,0.7329168276667217,-0.3659441351385373,0.7146056876361753,Bin 106,0.8194319589781538,0.14593353151564434,0.08648710196794605
disease,-0.1024237222114919,0.27541084357777335,0.2807863057836385,-0.6544723610563321,0.4496249166333483,-0.3647746350223187,0.715477865845209,Bin 116,0.8194319589781538,0.14540379711032161,0.08648710196794605
disease,0.09233575324117914,0.2546759777732813,0.25421632328665106,-0.4074741461442816,0.5921456526266399,0.3632172476079064,0.7166398976813253,Bin 65,0.8194319589781538,0.14469901690602807,0.08648710196794605
batch_1,0.09220964511247795,0.24810369272601948,0.254209556231146,-0.40758694969329495,0.5920062399182509,0.362730837028936,0.7170029641058846,Bin 52,0.8194319589781538,0.1444790489456328,0.08648710196794605
batch_1,0.056058332132751014,0.16113727126900168,0.16647627500649723,-0.27124751977055533,0.3833641840360574,0.3367346616240854,0.7364985208918751,Bin 88,0.8388593322700679,0.1328281210129889,0.0763108596013078
disease,0.46326432014555274,1.442668376043827,1.4327692938211862,-2.3536762575838552,3.2802048978749605,0.3233349026555628,0.7466153691530155,Bin 119,0.8475093379574771,0.12690307432178818,0.07185550799088272
batch_1,-0.0421124058363449,0.14651243736315375,0.14179450960920242,-0.32089190616478674,0.2366670944920969,-0.2969960258151759,0.766628065019531,Bin 156,0.8672963967897724,0.11541528596868245,0.06183245789605073
batch_1,0.05098220366046194,0.15882490419847914,0.17379500590563554,-0.29071286647649386,0.39267727379741774,0.2933467702066389,0.7694135402468247,Bin 112,0.8675266762514534,0.11384017518707079,0.061717161873481974
disease,0.06984682243031083,0.2533859422032844,0.25120800905263807,-0.42404848730495487,0.5637421321655766,0.2780437721461147,0.7811264806127198,Bin 147,0.87743448834016,0.1072786391255279,0.05678529926609307
disease,-0.03988006728440855,0.1408213402564517,0.14499192486622672,-0.3249459452035799,0.24518581063476277,-0.2750502644971637,0.7834236503037143,Bin 101,0.87743448834016,0.1060033219362747,0.05678529926609307
disease,0.01647514848715021,0.06475031113872588,0.06550213254312919,-0.1123073539605737,0.14525765093487414,0.2515207955451271,0.8015443055436056,Bin 46,0.8947471317696062,0.0960724669201889,0.048299685124188224
batch_1,-0.19230425439317322,0.7313436097465733,0.7887869864331519,-1.74312341198586,1.358514903199514,-0.2437974481079634,0.8075162201439401,Bin 32,0.8970299349358181,0.09284874546960173,0.04719306380037026
disease,-0.040233366430750525,0.16678543172377513,0.1662722952881497,-0.36713817767236434,0.28667144481086315,-0.2419727613733012,0.8089287806117645,Bin 73,0.8970299349358181,0.09208971268790928,0.04719306380037026
batch_1,0.02034729872017768,0.08869366078094784,0.09161241563487253,-0.1597701368911217,0.2004647343314771,0.2221019779816003,0.8243510549703102,Bin 62,0.9061044666177376,0.08388780193326856,0.04282172874684233
batch_1,-0.03942104004709081,0.1707903104437788,0.17758287354834348,-0.38856336502948996,0.3097212849353083,-0.2219867223646384,0.8244407131771483,Bin 98,0.9061044666177376,0.08384056969293631,0.04282172874684233
batch_1,0.4670443912490418,2.3084673675038263,2.113248025575366,-3.6877725354687785,4.621861317966861,0.2210078446054061,0.8252022820982967,Bin 143,0.9061044666177376,0.08343957965510639,0.04282172874684233
disease,-0.09756151062441189,0.4844538067930792,0.46750240102740426,-1.0167091286807615,0.8215861074319377,-0.2086866514696103,0.8348020901082344,Bin 149,0.9136596165353966,0.07841647225471915,0.039215570342061565
disease,-0.06073130759688836,0.3135492035084286,0.3142409597882159,-0.6785545081843625,0.5570918929905859,-0.193263499569943,0.8468534780824057,Bin 31,0.922865109892333,0.07219172445665359,0.03486177276663483
disease,0.007350885657839045,0.037961544013433234,0.03850718754202644,-0.06835736659823444,0.0830591379139125,0.1908964566632228,0.8487063064188418,Bin 111,0.922865109892333,0.07124257073164428,0.03486177276663483
disease,0.04647331483360766,0.25508327124811814,0.2596349709257496,-0.46399008506782624,0.5569367147350415,0.1789948197960516,0.8580349586441649,Bin 125,0.9258313020568973,0.0664950174695152,0.033468139949005764
disease,0.03216087988146315,0.17862877221890944,0.1803126767227415,-0.3223484594306945,0.3866702191936208,0.1783617240118699,0.8585317570616717,Bin 80,0.9258313020568973,0.0662436356672335,0.033468139949005764
disease,-0.07017547297016623,0.4065896428400499,0.4105322398903468,-0.8773151359992576,0.7369641900589251,-0.1709377879528051,0.8643615603022118,Bin 22,0.9258313020568973,0.06330455520832336,0.033468139949005764
disease,-0.042300461859640766,0.2517459012536466,0.248234573438334,-0.530349756138461,0.4457488324191795,-0.1704051988960715,0.8647800761746185,Bin 95,0.9258313020568973,0.06309432472900327,0.033468139949005764
disease,-0.03877410817248474,0.23727378206533065,0.23488591263709832,-0.5005788532196129,0.42303063687464354,-0.1650763459466861,0.8689696402594622,Bin 132,0.9258313020568973,0.06099539650658371,0.033468139949005764
batch_1,0.18593447595857554,1.0486864999880243,1.128068503940168,-2.031939648585688,2.403808600502839,0.1648255184052522,0.8691669338029697,Bin 129,0.9258313020568973,0.06089680414174074,0.033468139949005764
disease,0.034121193867410825,0.20625298913711937,0.21000870062294666,-0.37877293571241866,0.44701532344724026,0.1624751439640237,0.8710160646668832,Bin 89,0.9258313020568973,0.05997383496725989,0.033468139949005764
disease,-0.015410552589568268,0.0986879600335976,0.09896160145932194,-0.20997708328647813,0.17915597810734163,-0.1557225465465285,0.876332499891435,Bin 155,0.9258313020568973,0.0573310816517815,0.033468139949005764
batch_1,-0.016171231919768738,0.10125489301180222,0.10449749778522884,-0.2216217835555699,0.18927931971603243,-0.1547523363000047,0.8770968292551443,Bin 6,0.9258313020568973,0.056952458983023306,0.033468139949005764
batch_1,-0.01256160798895421,0.07999579699682813,0.08361613534615285,-0.17695770834179192,0.15183449236388352,-0.1502294734975713,0.8806614370001666,Bin 19,0.9258313020568973,0.055191020421525086,0.033468139949005764
disease,0.03497358388696538,0.23510861236673972,0.23589550965678938,-0.4288161107428955,0.4987632785168263,0.1482587944884977,0.8822153538732473,Bin 103,0.9258313020568973,0.054425388130495425,0.033468139949005764
disease,0.03378726761883259,0.24563978130062283,0.24621247229978913,-0.4502864119019074,0.5178609471395726,0.1372280912629523,0.8909215051197791,Bin 63,0.9258313020568973,0.05016055791042391,0.033468139949005764
disease,-0.03737955965461007,0.2857302589147327,0.2728940296862026,-0.573911343912053,0.4991522246028328,-0.1369746333314523,0.8911217100525837,Bin 126,0.9258313020568973,0.050062975655187476,0.033468139949005764
batch_1,-0.014087947292977467,0.10415859744288868,0.10337525989295862,-0.2173320882594305,0.18915619367347558,-0.1362796795632246,0.8916706856649417,Bin 44,0.9258313020568973,0.04979551087661326,0.033468139949005764
batch_1,-0.03507895843929168,0.25566785476628395,0.26004941100454226,-0.5463571811318217,0.47619926425323844,-0.1348934354582289,0.8927658984120082,Bin 65,0.9258313020568973,0.04926240713223767,0.033468139949005764
batch_1,0.03219747178942723,0.2543727949430645,0.2610836443225095,-0.4811141374453645,0.5455090810242189,0.1233224389562088,0.901915464584698,Bin 147,0.9292930246251427,0.044834166432428164,0.03184732269957117
disease,0.019339811993851215,0.15365892617855242,0.158144441694726,-0.29158498020638823,0.33026460419409065,0.1222920754381226,0.9027308597248018,Bin 118,0.9292930246251427,0.04444171099199558,0.03184732269957117
disease,0.012589795319895002,0.10486427370530134,0.1047563275348891,-0.1933696365855252,0.21854922722531522,0.1201817170967736,0.9044012471798264,Bin 43,0.9292930246251427,0.04363884742912915,0.03184732269957117
disease,-0.017682202583527075,0.1611030375629112,0.16161947942539726,-0.3354392006628871,0.30007479549583294,-0.1094063824880038,0.9129365873862628,Bin 152,0.9304108647309085,0.03955938753104937,0.03132522684245078
batch_1,-0.01448032085155842,0.12501713219090654,0.13272915088638224,-0.2754365910562728,0.24647594935315595,-0.1090967640104452,0.9131819957440328,Bin 109,0.9304108647309085,0.039442659628252,0.03132522684245078
batch_1,-0.01604502581335839,0.14038004155906533,0.14812388034307844,-0.30726858208900526,0.27517853046228846,-0.1083216681617816,0.9137963850035709,Bin 50,0.9304108647309085,0.03915056435440735,0.03132522684245078
disease,0.01047411591816637,0.10086206928783756,0.10289064592553039,-0.19181723470355347,0.21276546653988623,0.1017985242871083,0.9189690485331484,Bin 6,0.932850756214918,0.03669911568421122,0.03018783207008594
disease,-0.019560135393965835,0.21514472559568962,0.21978357673623564,-0.4516724638035352,0.4125521930156035,-0.0889972566851077,0.9291298910777746,Bin 93,0.9403242271148561,0.031923567992306896,0.026722374306499184
disease,-0.009109282717978536,0.17537102430448342,0.1773251419378981,-0.3577448864614748,0.33952632102551766,-0.0513705085383139,0.9590566524141764,Bin 78,0.9676968024359257,0.018155737871919497,0.014260693988395318
disease,0.01192894318880144,0.3273505487557904,0.3096202904469007,-0.5968096469034918,0.6206675332810947,0.0385276532477358,0.9692867481928678,Bin 49,0.9750908604574957,0.013547724770229107,0.010954914191949529
batch_1,-0.0036929477018493046,0.2824895032397572,0.313172176376351,-0.6194148334616887,0.6120289380579901,-0.0117920683266937,0.9905975539880844,Bin 77,0.9935545616119293,0.004102748724640011,0.0028082783716412187
batch_1,-0.00027974598775220243,0.0839907542039333,0.0875864191292992,-0.17248174610552566,0.17192225413002127,-0.0031939425145264,0.9974532441802968,Bin 28,0.9974532441802968,0.001107452804528058,0.001107452804528058
